UTC_Time,price,daily_sentiment_avg,log_return,ret_lag1,ret_lag2,ret_lag3,sent_lag1,sent_lag2,sent_lag3,sent_ma7,sent_ma14,sent_ma30
2023-01-01,16615.969318012816,0.03042083333333334,,,,,,,,,,
2023-01-02,16674.342536301097,-0.005827586206896559,0.0035069228770829852,,,,0.03042083333333334,,,,,
2023-01-03,16677.646185850346,0.15010526315789474,0.00019810810009524005,0.0035069228770829852,,,-0.005827586206896559,0.03042083333333334,,,,
2023-01-04,16855.1747387671,0.1345576923076923,0.010588444792619,0.00019810810009524005,0.0035069228770829852,,0.15010526315789474,-0.005827586206896559,0.03042083333333334,,,
2023-01-05,16832.098988497855,0.20165238095238097,-0.00136999830056439,0.010588444792619,0.00019810810009524005,0.0035069228770829852,0.1345576923076923,0.15010526315789474,-0.005827586206896559,,,
2023-01-06,16960.23206247515,0.28019333333333335,0.007583595690457301,-0.00136999830056439,0.010588444792619,0.00019810810009524005,0.20165238095238097,0.1345576923076923,0.15010526315789474,,,
2023-01-07,16950.861521853905,0.11188947368421054,-0.0005526534162889618,0.007583595690457301,-0.00136999830056439,0.010588444792619,0.28019333333333335,0.20165238095238097,0.1345576923076923,0.12899877008027838,,
2023-01-08,17074.61539572674,0.05292058823529412,0.007274221011968507,-0.0005526534162889618,0.007583595690457301,-0.00136999830056439,0.11188947368421054,0.28019333333333335,0.20165238095238097,0.1322130207805585,,
2023-01-09,17194.90932945318,0.12789166666666665,0.007020489999250756,0.007274221011968507,-0.0005526534162889618,0.007583595690457301,0.05292058823529412,0.11188947368421054,0.28019333333333335,0.15131577119106754,,
2023-01-10,17436.90232978116,0.0835107142857143,0.013975413205518095,0.007020489999250756,0.007274221011968507,-0.0005526534162889618,0.12789166666666665,0.05292058823529412,0.11188947368421054,0.14180226420932746,,
2023-01-11,17996.832553741606,0.07693333333333333,0.03160698917563032,0.013975413205518095,0.007020489999250756,0.007274221011968507,0.0835107142857143,0.12789166666666665,0.05292058823529412,0.1335702129272762,,
2023-01-12,18866.810330617045,0.13306041666666665,0.0472085380338676,0.03160698917563032,0.013975413205518095,0.007020489999250756,0.07693333333333333,0.0835107142857143,0.12789166666666665,0.12377136088645983,,
2023-01-13,19941.780543296303,-0.022323999999999993,0.05541274438803967,0.0472085380338676,0.03160698917563032,0.013975413205518095,0.13306041666666665,0.07693333333333333,0.0835107142857143,0.08055459898169794,,
2023-01-14,21019.20661402266,0.1456902777777778,0.05261956480173069,0.05541274438803967,0.0472085380338676,0.03160698917563032,-0.022323999999999993,0.13306041666666665,0.07693333333333333,0.08538328528077899,0.10719102768052868,
2023-01-15,20853.230569490253,0.0719027027027027,-0.0079277407756706,0.05261956480173069,0.05541274438803967,0.0472085380338676,0.1456902777777778,-0.022323999999999993,0.13306041666666665,0.08809501591898021,0.11015401834976934,
2023-01-16,21175.33773662521,0.10072325581395349,0.015328310569362458,-0.0079277407756706,0.05261956480173069,0.05541274438803967,0.0719027027027027,0.1456902777777778,-0.022323999999999993,0.08421381436859261,0.11776479277983007,
2023-01-17,21156.78393116713,0.11814516129032258,-0.0008765828838797063,0.015328310569362458,-0.0079277407756706,0.05261956480173069,0.10072325581395349,0.0719027027027027,0.1456902777777778,0.08916159251210808,0.11548192836071777,
2023-01-18,20726.844969426445,0.23107777777777777,-0.020530888805470937,-0.0008765828838797063,0.015328310569362458,-0.0079277407756706,0.11814516129032258,0.10072325581395349,0.0719027027027027,0.111182227432743,0.1223762201800096,
2023-01-19,21081.67102220433,0.013751724137931047,0.016974272531308898,-0.020530888805470937,-0.0008765828838797063,0.015328310569362458,0.23107777777777777,0.11814516129032258,0.10072325581395349,0.09413812850006649,0.10895474469326318,
2023-01-20,22705.83367889906,0.14899761904761905,0.07421789069641527,0.016974272531308898,-0.020530888805470937,-0.0008765828838797063,0.013751724137931047,0.23107777777777777,0.11814516129032258,0.1186126455068692,0.09958362224428356,
2023-01-21,22771.023287021784,0.04972173913043479,0.0028669374764742628,0.07421789069641527,0.016974272531308898,-0.020530888805470937,0.14899761904761905,0.013751724137931047,0.23107777777777777,0.10490285427153448,0.09514306977615673,
2023-01-22,22736.66142892971,0.041,-0.0015101565740778256,0.0028669374764742628,0.07421789069641527,0.016974272531308898,0.04972173913043479,0.14899761904761905,0.013751724137931047,0.10048818245686267,0.09429159918792143,
2023-01-23,22984.87497643721,0.056473913043478256,0.010857727255631389,-0.0015101565740778256,0.0028669374764742628,0.07421789069641527,0.041,0.04972173913043479,0.14899761904761905,0.09416684777536621,0.0891903310719794,
2023-01-24,22610.01059827285,0.012128124999999993,-0.016443634856429412,0.010857727255631389,-0.0015101565740778256,0.0028669374764742628,0.056473913043478256,0.041,0.04972173913043479,0.07902155687674871,0.08409157469442839,
2023-01-25,23180.422697874263,0.20589428571428572,0.024915318169036027,-0.016443634856429412,0.010857727255631389,-0.0015101565740778256,0.012128124999999993,0.056473913043478256,0.041,0.07542391515339271,0.09330307129306784,
2023-01-26,23024.74618081709,0.20518214285714284,-0.0067385147553498115,0.024915318169036027,-0.016443634856429412,0.010857727255631389,0.20589428571428572,0.012128124999999993,0.056473913043478256,0.1027711178275658,0.09845462316381615,
2023-01-27,23082.858382122955,0.12154642857142857,0.00252072223778832,-0.0067385147553498115,0.024915318169036027,-0.016443634856429412,0.20518214285714284,0.20589428571428572,0.012128124999999993,0.09884951918811002,0.10873108234748961,
2023-01-28,23022.23299135344,0.201525,-0.0026298798638180187,0.00252072223778832,-0.0067385147553498115,0.024915318169036027,0.12154642857142857,0.20518214285714284,0.20589428571428572,0.12053569931233363,0.11271927679193405,
2023-01-29,23797.46089488124,0.042480000000000004,0.033118489077004654,-0.0026298798638180187,0.00252072223778832,-0.0067385147553498115,0.201525,0.12154642857142857,0.20518214285714284,0.1207471278837622,0.11061765517031244,
2023-01-30,22840.385858797104,0.1478125,-0.04104861125917125,0.033118489077004654,-0.0026298798638180187,0.00252072223778832,0.042480000000000004,0.201525,0.12154642857142857,0.1337954974489796,0.11398117261217292,0.10896789208714928
2023-01-31,23137.323554088376,-0.0204047619047619,0.012916773261233416,-0.04104861125917125,0.033118489077004654,-0.0026298798638180187,0.1478125,0.042480000000000004,0.201525,0.12914794217687076,0.10408474952680973,0.10727370557921277
2023-02-01,23725.16179614224,0.244496,0.025089112221252208,0.012916773261233416,-0.04104861125917125,0.033118489077004654,-0.0204047619047619,0.1478125,0.042480000000000004,0.13466247278911567,0.10504319397125418,0.11561782511944264
2023-02-02,23539.676770196525,0.09195454545454546,-0.007848793470261128,0.025089112221252208,0.012916773261233416,-0.04104861125917125,0.244496,-0.0204047619047619,0.1478125,0.11848710173160173,0.11062910977958376,0.11367946786266435
2023-02-03,23451.57765077463,0.10707692307692308,-0.0037496008023882865,-0.007848793470261128,0.025089112221252208,0.012916773261233416,0.09195454545454546,0.244496,-0.0204047619047619,0.11642002951810095,0.10763477435310549,0.11276344222163871
2023-02-04,23340.34958553934,0.08095499999999999,-0.004754165143587841,-0.0037496008023882865,-0.007848793470261128,0.025089112221252208,0.10707692307692308,0.09195454545454546,0.244496,0.09919574380381524,0.10986572155807443,0.10874019618989267
2023-02-05,22946.286578591233,0.11794,-0.017027486143900816,-0.004754165143587841,-0.0037496008023882865,-0.007848793470261128,0.08095499999999999,0.10707692307692308,0.09195454545454546,0.10997574380381524,0.11536143584378873,0.10333175174544823
2023-02-06,22786.483006387727,0.045825,-0.006988609002361201,-0.017027486143900816,-0.004754165143587841,-0.0037496008023882865,0.11794,0.08095499999999999,0.10707692307692308,0.09540610094667237,0.11460079919782598,0.1011296026226412
2023-02-07,23294.9136483527,0.09813333333333334,0.02206752882917762,-0.006988609002361201,-0.017027486143900816,-0.004754165143587841,0.045825,0.11794,0.08095499999999999,0.11234011455211455,0.12074402836449265,0.10263669412590919
2023-02-08,22947.50782856846,0.20360952380952382,-0.015025699124832315,0.02206752882917762,-0.006988609002361201,-0.017027486143900816,0.09813333333333334,0.045825,0.11794,0.10649918938204651,0.12058083108558108,0.10516062269733777
2023-02-09,21820.886508092775,0.1840764705882353,-0.05034173144745502,-0.015025699124832315,0.02206752882917762,-0.006988609002361201,0.20360952380952382,0.09813333333333334,0.045825,0.11965946440114508,0.11907328306637341,0.10851281457408847
2023-02-10,21630.132979576298,0.11948333333333333,-0.008780219945700551,-0.05034173144745502,-0.015025699124832315,0.02206752882917762,0.1840764705882353,0.20360952380952382,0.09813333333333334,0.1214318087234894,0.11892591912079518,0.1099311479074218
2023-02-11,21889.432080049624,-0.002635999999999985,0.01191657906453969,-0.008780219945700551,-0.05034173144745502,-0.015025699124832315,0.11948333333333333,0.1840764705882353,0.20360952380952382,0.10949023729491798,0.1043429905493666,0.1054079340185329
2023-02-12,21779.87440384417,0.12198823529411763,-0.005017616027497951,0.01191657906453969,-0.008780219945700551,-0.05034173144745502,-0.002635999999999985,0.11948333333333333,0.1840764705882353,0.11006855662264906,0.11002215021323215,0.11021834186167016
2023-02-13,21807.834274723064,-0.004929999999999997,0.001282924730913848,-0.005017616027497951,0.01191657906453969,-0.008780219945700551,0.12198823529411763,-0.002635999999999985,0.11948333333333333,0.10281784233693478,0.09911197164180359,0.10519766593574424
2023-02-14,22220.070997481067,0.30236538461538465,0.018726703775440612,0.001282924730913848,-0.005017616027497951,0.01191657906453969,-0.004929999999999997,0.12198823529411763,-0.002635999999999985,0.13199384966294211,0.12216698210752833,0.11287975533283362
2023-02-15,24307.8751016316,0.166325641025641,0.08980439668838436,0.018726703775440612,0.001282924730913848,-0.005017616027497951,0.30236538461538465,-0.004929999999999997,0.12198823529411763,0.126667580693816,0.11658338503793127,0.11506650150655655
2023-02-16,23756.90728157743,0.17833720930232558,-0.022927054995451,0.08980439668838436,0.018726703775440612,0.001282924730913848,0.166325641025641,0.30236538461538465,-0.004929999999999997,0.12584768622440032,0.12275357531277269,0.11707290310695664
2023-02-17,24628.82455217312,0.17333478260869564,0.03604416565642232,-0.022927054995451,0.08980439668838436,0.018726703775440612,0.17833720930232558,0.166325641025641,0.30236538461538465,0.13354075040659494,0.12748627956504216,0.11514813660132057
2023-02-18,24642.79087073843,0.1775095238095238,0.000566911347213761,0.03604416565642232,-0.022927054995451,0.08980439668838436,0.17333478260869564,0.17833720930232558,0.166325641025641,0.15927582523652692,0.13438303126572243,0.12060672992370701
2023-02-19,24284.478003714703,0.13887999999999998,-0.014647017139305163,0.000566911347213761,0.03604416565642232,-0.022927054995451,0.1775095238095238,0.17333478260869564,0.17833720930232558,0.1616889344802244,0.13587874555143672,0.12026947595545304
2023-02-20,24786.665940845705,0.19001666666666664,0.020468463932603598,-0.014647017139305163,0.000566911347213761,0.03604416565642232,0.13887999999999998,0.1775095238095238,0.17333478260869564,0.18953845828974816,0.14617815031334147,0.12494597353999409
2023-02-21,24417.38703630947,0.05525,-0.015010382914997678,0.020468463932603598,-0.014647017139305163,0.000566911347213761,0.19001666666666664,0.13887999999999998,0.1775095238095238,0.15423626048755038,0.14311505507524624,0.1254209735399941
2023-02-22,24146.101364545226,0.14784,-0.01117252910105826,-0.015010382914997678,0.020468463932603598,-0.014647017139305163,0.05525,0.19001666666666664,0.13887999999999998,0.15159545462674454,0.13913151766028026,0.12846650977187815
2023-02-23,23951.11098423326,0.1105391304347826,-0.008108222454652037,-0.01117252910105826,-0.015010382914997678,0.020468463932603598,0.14784,0.05525,0.19001666666666664,0.14191001478852408,0.1338788505064622,0.13174687661970425
2023-02-24,23172.286538018925,0.12127894736842106,-0.03305769157298499,-0.008108222454652037,-0.01117252910105826,-0.015010382914997678,0.1105391304347826,0.14784,0.05525,0.13447346689705628,0.1340071086518256,0.12892636534150875
2023-02-25,23157.038107459524,-0.05123846153846154,-0.000658262611281657,-0.03305769157298499,-0.008108222454652037,-0.01117252910105826,0.12127894736842106,0.1105391304347826,0.14784,0.10179518327591554,0.1305355042562212,0.12037901186165527
2023-02-26,23541.115854493557,0.07705500000000001,0.016449746946085142,-0.000658262611281657,-0.03305769157298499,-0.008108222454652037,-0.05123846153846154,0.12127894736842106,0.1105391304347826,0.09296304041877268,0.12732598744949852,0.11889596424260765
2023-02-27,23518.12390627588,0.05032916666666667,-0.000977149234199004,0.016449746946085142,-0.000658262611281657,-0.03305769157298499,0.07705500000000001,-0.05123846153846154,0.12127894736842106,0.07300768327591554,0.13127307078283187,0.11385610313149654
2023-02-28,23155.543746825795,0.17281000000000002,-0.01553713139039914,-0.000977149234199004,0.016449746946085142,-0.000658262611281657,0.05032916666666667,0.07705500000000001,-0.05123846153846154,0.08980196899020125,0.12201911473887582,0.11820043646482987
2023-03-01,23634.333489123783,0.18116666666666667,0.020466241114636574,-0.01553713139039914,-0.000977149234199004,0.016449746946085142,0.17281000000000002,0.05032916666666667,0.07705500000000001,0.09456292137115364,0.12307918799894908,0.11931224202038543
2023-03-02,23464.33654185282,0.15425238095238095,-0.007218789209261445,0.020466241114636574,-0.01553713139039914,-0.000977149234199004,0.18116666666666667,0.17281000000000002,0.05032916666666667,0.10080767144509627,0.1213588431168102,0.1251341467822902
2023-03-03,22367.43302246967,0.148848,-0.04787565645206371,-0.007218789209261445,0.020466241114636574,-0.01553713139039914,0.15425238095238095,0.18116666666666667,0.17281000000000002,0.10474610753532183,0.11960978721618906,0.12194588011562353
2023-03-04,22348.32991538815,-0.024385,-0.0008544238983567709,-0.04787565645206371,-0.007218789209261445,0.020466241114636574,0.148848,0.15425238095238095,0.18116666666666667,0.1085823163265306,0.10518874980122307,0.11806789526713866
2023-03-05,22421.885805853268,0.1875,0.0032859326435765723,-0.0008544238983567709,-0.04787565645206371,-0.007218789209261445,-0.024385,0.148848,0.15425238095238095,0.12436017346938777,0.10866160694408022,0.1207486644979079
2023-03-06,22415.113659694827,0.1731125,-0.0003020784749505623,0.0032859326435765723,-0.0008544238983567709,-0.04787565645206371,0.1875,-0.024385,0.148848,0.14190064965986396,0.10745416646788974,0.12382058116457456
2023-03-07,22217.209884905325,0.2718041666666667,-0.008868239701348202,-0.0003020784749505623,0.0032859326435765723,-0.0008544238983567709,0.1731125,0.1875,-0.024385,0.15604267346938777,0.1229223212297945,0.12894938672013012
2023-03-08,21712.65119391273,0.14035769230769232,-0.022972113597969468,-0.008868239701348202,-0.0003020784749505623,0.0032859326435765723,0.2718041666666667,0.1731125,0.1875,0.15021281998953429,0.12238787068034396,0.13210047646371986
2023-03-09,20376.320007428807,0.004027272727272716,-0.06352165232408602,-0.022972113597969468,-0.008868239701348202,-0.0003020784749505623,0.14035769230769232,0.2718041666666667,0.1731125,0.12875209024309026,0.11477988084409327,0.12896360777685117
2023-03-10,20195.2289502733,0.003959574468085101,-0.00892705673986427,-0.06352165232408602,-0.022972113597969468,-0.008868239701348202,0.004027272727272716,0.14035769230769232,0.2718041666666667,0.10805374373853097,0.10639992563692639,0.1223086094654699
2023-03-11,20521.55615175117,-0.010086538461538456,0.01602946735325439,-0.00892705673986427,-0.06352165232408602,-0.022972113597969468,0.003959574468085101,0.004027272727272716,0.14035769230769232,0.11009638110116834,0.1093393487138495,0.11583650916381076
2023-03-12,22095.71339833569,0.011218918918918925,0.0739077725515731,0.01602946735325439,-0.00892705673986427,-0.06352165232408602,-0.010086538461538456,0.003959574468085101,0.004027272727272716,0.08491336951815676,0.10463677149377226,0.11222769534999696
2023-03-13,24178.95532797469,0.0800934065934066,0.09009901444798984,0.0739077725515731,0.01602946735325439,-0.00892705673986427,0.011218918918918925,-0.010086538461538456,0.003959574468085101,0.07162492760292913,0.10676278863139653,0.11498534223644384
2023-03-14,24758.765085827567,0.0814968253968254,0.02369693092006564,0.09009901444798984,0.0739077725515731,0.01602946735325439,0.0800934065934066,0.011218918918918925,-0.010086538461538456,0.04443816456438037,0.10024041901688407,0.11363562857320077
2023-03-15,24470.88205445031,0.0744936170212766,-0.011695648036335271,0.02369693092006564,0.09009901444798984,0.0739077725515731,0.0814968253968254,0.0800934065934066,0.011218918918918925,0.03502901095203527,0.09262091547078477,0.11628308247390999
2023-03-16,25161.272017520052,0.1594279069767442,0.027822064523618906,-0.011695648036335271,0.02369693092006564,0.09009901444798984,0.0744936170212766,0.0814968253968254,0.0800934065934066,0.05722910155910262,0.09299059590109644,0.11151849988595532
2023-03-17,27466.677829829863,0.0525,0.0876675669836704,0.027822064523618906,-0.011695648036335271,0.02369693092006564,0.1594279069767442,0.0744936170212766,0.0814968253968254,0.0641634480636619,0.08610859590109644,0.10772431185176727
2023-03-18,27107.792183504385,-0.011509859154929577,-0.013152333670873873,0.0876675669836704,0.027822064523618906,-0.011695648036335271,0.0525,0.1594279069767442,0.0744936170212766,0.06396011653603459,0.08702824881860147,0.10139607623652543
2023-03-19,28186.842652360127,0.067097,0.03903407545165116,-0.013152333670873873,0.0876675669836704,0.027822064523618906,-0.011509859154929577,0.0525,0.1594279069767442,0.0719426995476176,0.07842803453288717,0.09785481681623558
2023-03-20,27929.167733140293,0.04750322580645161,-0.009183715252946811,0.03903407545165116,-0.013152333670873873,0.0876675669836704,0.067097,-0.011509859154929577,0.0525,0.06728695943519546,0.06945594351906229,0.09352127354946652
2023-03-21,28264.23961052235,0.13415645161290324,0.011925806407120376,-0.009183715252946811,0.03903407545165116,-0.013152333670873873,0.04750322580645161,0.067097,-0.011509859154929577,0.07480976318034945,0.059623963872364905,0.09336382193656328
2023-03-22,27449.254830807356,0.13140149253731345,-0.02925836643963642,0.011925806407120376,-0.009183715252946811,0.03903407545165116,0.13415645161290324,0.04750322580645161,0.067097,0.08293945968264041,0.05898423531733784,0.09140998279891817
2023-03-23,28459.735113552502,0.0035285714285714265,0.03615126412577396,-0.02925836643963642,0.011925806407120376,-0.009183715252946811,0.13140149253731345,0.13415645161290324,0.04750322580645161,0.06066812603290145,0.05894861379600204,0.08968593517987054
2023-03-24,27595.4947483755,0.11609565217391304,-0.030837759649653407,0.03615126412577396,-0.02925836643963642,0.011925806407120376,0.0035285714285714265,0.13140149253731345,0.13415645161290324,0.06975321920060332,0.0669583336321326,0.08862779025233432
2023-03-25,27670.199498496833,0.1113695652173913,0.0027034780487067422,-0.030837759649653407,0.03615126412577396,-0.02925836643963642,0.11609565217391304,0.0035285714285714265,0.13140149253731345,0.08730742268236344,0.07563376960919901,0.08865547141175462
2023-03-26,28048.46997853496,0.08086744186046511,0.013578080567999251,0.0027034780487067422,-0.030837759649653407,0.03615126412577396,0.1113695652173913,0.11609565217391304,0.0035285714285714265,0.08927462866242987,0.08060866410502375,0.08730842122815609
2023-03-27,27182.299559950465,0.057121739130434786,-0.031368074262321244,0.013578080567999251,0.0027034780487067422,-0.030837759649653407,0.08086744186046511,0.1113695652173913,0.11609565217391304,0.09064870199442747,0.07896783071481148,0.09092042791711928
2023-03-28,27291.3500210497,-0.06979999999999999,0.004003792938952699,-0.031368074262321244,0.013578080567999251,0.0027034780487067422,0.057121739130434786,0.08086744186046511,0.1113695652173913,0.06151206604972702,0.06816091461503823,0.08602526125045262
2023-03-29,28394.997780199057,0.16838085106382977,0.03964319221577384,0.004003792938952699,-0.031368074262321244,0.013578080567999251,-0.06979999999999999,0.057121739130434786,0.08086744186046511,0.06679483155351507,0.07486714561807774,0.08996031739702473
2023-03-30,28041.123080088284,0.1451245283018868,-0.012540881004436955,0.03964319221577384,0.004003792938952699,-0.031368074262321244,0.16838085106382977,-0.06979999999999999,0.057121739130434786,0.08702282539256012,0.07384547571273078,0.08903746834042095
2023-03-31,28516.784729688636,0.173242,0.016820737653373996,-0.012540881004436955,0.03964319221577384,0.004003792938952699,0.1451245283018868,0.16838085106382977,-0.06979999999999999,0.0951865893677154,0.08246990428415936,0.08877331278486539
2023-04-01,28498.94463304862,0.20133888888888887,-0.0006257956329456249,0.016820737653373996,-0.012540881004436955,0.03964319221577384,0.173242,0.1451245283018868,0.16838085106382977,0.10803934989221506,0.09767338628728925,0.09034286304941566
2023-04-02,28236.508738939792,0.08910322580645161,-0.009251279411685687,-0.0006257956329456249,0.016820737653373996,-0.012540881004436955,0.20133888888888887,0.173242,0.1451245283018868,0.1092158904559274,0.09924525955917864,0.08835137057629737
2023-04-03,27815.42653124798,0.14103076923076924,-0.01502499877165242,-0.009251279411685687,-0.0006257956329456249,0.016820737653373996,0.08910322580645161,0.20133888888888887,0.173242,0.12120289475597519,0.10592579837520134,0.09386522955065636
2023-04-04,28175.33033421539,0.09894285714285715,0.012856006244049922,-0.01502499877165242,-0.009251279411685687,-0.0006257956329456249,0.14103076923076924,0.08910322580645161,0.20133888888888887,0.14530901720495476,0.1034105416273409,0.0909133247887516
2023-04-05,28197.20034124555,0.12714583333333332,0.0007759101060500484,0.012856006244049922,-0.01502499877165242,-0.009251279411685687,0.09894285714285715,0.14103076923076924,0.08910322580645161,0.13941830038631245,0.10310656596991374,0.08938110256652938
2023-04-06,28042.9833864884,0.1249,-0.0054842403088191105,0.0007759101060500484,0.012856006244049922,-0.01502499877165242,0.12714583333333332,0.09894285714285715,0.14103076923076924,0.13652908205747144,0.11177595372501578,0.0844842970109738
2023-04-07,27934.43871284895,0.07347083333333333,-0.003878163931553047,-0.0054842403088191105,0.0007759101060500484,0.012856006244049922,0.1249,0.12714583333333332,0.09894285714285715,0.12227605824794764,0.10873132380783153,0.08225473504516186
2023-04-08,27968.12804705512,0.22357692307692306,0.0012052877081405455,-0.003878163931553047,-0.0054842403088191105,0.0007759101060500484,0.07347083333333333,0.1249,0.12714583333333332,0.12545292027480967,0.11674613508351236,0.08957305672348354
2023-04-09,28351.23699385011,0.13392631578947367,0.013605084357765307,0.0012052877081405455,-0.003878163931553047,-0.0054842403088191105,0.22357692307692306,0.07347083333333333,0.1249,0.13185621884381282,0.12053605464987012,0.09390528143419648
2023-04-10,29657.974136873556,0.10736379310344828,0.045060369345051754,0.013605084357765307,0.0012052877081405455,-0.003878163931553047,0.13392631578947367,0.22357692307692306,0.07347083333333333,0.1270466508256241,0.12412477279079966,0.09782029248636272
2023-04-11,30260.93610940865,0.07663536585365854,0.02012661191370313,0.045060369345051754,0.013605084357765307,0.0012052877081405455,0.10736379310344828,0.13392631578947367,0.22357692307692306,0.1238598663557386,0.1345844417803467,0.1000008407175207
2023-04-12,29904.138694718906,0.1388925,-0.01186075471932213,0.02012661191370313,0.045060369345051754,0.013605084357765307,0.07663536585365854,0.10736379310344828,0.13392631578947367,0.12553796159383385,0.13247813099007313,0.10196081049774047
2023-04-13,30405.027312781145,0.15112,0.016611078169326277,-0.01186075471932213,0.02012661191370313,0.045060369345051754,0.1388925,0.07663536585365854,0.10736379310344828,0.12928367587954812,0.1329063789685098,0.10428158298451297
2023-04-14,30468.40870059078,0.188404,0.002082399643075661,0.016611078169326277,-0.01186075471932213,0.02012661191370313,0.15112,0.1388925,0.07663536585365854,0.14570269968907196,0.1339893789685098,0.10807859575047041
2023-04-15,30312.16187965924,0.07546206896551724,-0.005141352363724039,0.002082399643075661,0.016611078169326277,-0.01186075471932213,0.188404,0.15112,0.1388925,0.12454343481601395,0.12499817754541183,0.1052797344834295
2023-04-16,30304.807514785844,0.08106153846153846,-0.00024265036615922497,-0.005141352363724039,0.002082399643075661,0.016611078169326277,0.07546206896551724,0.188404,0.15112,0.11699132376916609,0.12442377130648945,0.1062317857654808
2023-04-17,29467.459829260344,0.014160000000000004,-0.028019765888046777,-0.00024265036615922497,-0.005141352363724039,0.002082399643075661,0.08106153846153846,0.07546206896551724,0.188404,0.10367649618295917,0.11536157350429165,0.10708744773731178
2023-04-18,30365.904167541412,0.18040588235294117,0.030033807646054456,-0.028019765888046777,-0.00024265036615922497,-0.005141352363724039,0.014160000000000004,0.08106153846153846,0.07546206896551724,0.1185008556828567,0.12118036101929765,0.11086441048240982
2023-04-19,28833.217501221105,0.07488,-0.05179229757890624,0.030033807646054456,-0.028019765888046777,-0.00024265036615922497,0.18040588235294117,0.014160000000000004,0.08106153846153846,0.10935621282571385,0.11744708720977384,0.11177696962219476
2023-04-20,28255.57824866478,0.1945,-0.020237209733473094,-0.05179229757890624,0.030033807646054456,-0.028019765888046777,0.07488,0.18040588235294117,0.014160000000000004,0.11555335568285671,0.12241851578120243,0.11378842123509798
2023-04-21,27300.15712851557,0.12512222222222225,-0.034398440431859356,-0.020237209733473094,-0.05179229757890624,0.030033807646054456,0.1945,0.07488,0.18040588235294117,0.10651310171460272,0.12610790070183733,0.11357911222459495
2023-04-22,27861.640663476548,0.22712,0.020358398392128052,-0.034398440431859356,-0.020237209733473094,-0.05179229757890624,0.12512222222222225,0.1945,0.07488,0.12817852043381456,0.12636097762491424,0.12103215984364257
2023-04-23,27606.578347653143,0.025577777777777772,-0.009196765937073081,0.020358398392128052,-0.034398440431859356,-0.020237209733473094,0.22712,0.12512222222222225,0.1945,0.12025226890756302,0.11862179633836455,0.11801489736377138
2023-04-24,27511.635682161308,0.01763076923076923,-0.0034450593534174345,-0.009196765937073081,0.020358398392128052,-0.034398440431859356,0.025577777777777772,0.22712,0.12512222222222225,0.1207480930833872,0.11221229463317318,0.11489027083088398
2023-04-25,28351.218248373007,0.13106666666666666,0.03006097007514974,-0.0034450593534174345,-0.009196765937073081,0.020358398392128052,0.01763076923076923,0.025577777777777772,0.22712,0.11369963369963369,0.1161002446912452,0.11656357832442404
2023-04-26,28352.19132059668,0.11193555555555555,3.4321471359177735e-05,0.03006097007514974,-0.0034450593534174345,-0.009196765937073081,0.13106666666666666,0.01763076923076923,0.025577777777777772,0.1189932844932845,0.11417474865949917,0.11839070553859472
2023-04-27,29483.52170499186,0.11417999999999999,0.039127198561100585,3.4321471359177735e-05,0.03006097007514974,-0.0034450593534174345,0.11193555555555555,0.13106666666666666,0.01763076923076923,0.10751899877899877,0.11153617723092772,0.1245233722052614
2023-04-28,29339.99499754935,0.18121600000000002,-0.004879918791397486,0.039127198561100585,3.4321471359177735e-05,0.03006097007514974,0.11417999999999999,0.11193555555555555,0.13106666666666666,0.11553239560439559,0.11102274865949915,0.12495121050313375
2023-04-29,29217.944046809913,0.14604,-0.004168559531638749,-0.004879918791397486,0.039127198561100585,3.4321471359177735e-05,0.18121600000000002,0.11417999999999999,0.11193555555555555,0.10394953846153845,0.1160640294476765,0.12498172622640419
2023-04-30,29362.05621362539,-0.016852941176470588,0.004920193134195117,-0.004168559531638749,-0.004879918791397486,0.039127198561100585,0.14604,0.18121600000000002,0.11417999999999999,0.09788800718236013,0.10907013804496157,0.1186452281871885
2023-05-01,28125.501155636823,0.15864705882352942,-0.043026556585120446,0.004920193134195117,-0.004168559531638749,-0.004879918791397486,-0.016852941176470588,0.14604,0.18121600000000002,0.11803319140989729,0.11939064224664224,0.11722216718500984
2023-05-02,28654.390133326717,0.07827272727272727,0.018629985463741505,-0.043026556585120446,0.004920193134195117,-0.004168559531638749,0.15864705882352942,-0.016852941176470588,0.14604,0.11049120006790594,0.11209541688376982,0.11686115056721903
2023-05-03,28988.320996249273,0.2064,0.011586359907351351,0.018629985463741505,-0.043026556585120446,0.004920193134195117,0.07827272727272727,0.15864705882352942,-0.016852941176470588,0.12398612070282658,0.12148970259805554,0.11904012492619338
2023-05-04,28846.461458608057,0.06500416666666667,-0.0049056922535832825,0.011586359907351351,0.018629985463741505,-0.043026556585120446,0.2064,0.07827272727272727,0.15864705882352942,0.11696100165520755,0.11224000021710315,0.11790883524365371
2023-05-05,29520.322268970496,0.23394814814814816,0.023091584292799894,-0.0049056922535832825,0.011586359907351351,0.018629985463741505,0.06500416666666667,0.2064,0.07827272727272727,0.12449416567637157,0.1200132806403836,0.12146891240414753
2023-05-06,28887.74104552337,0.04861176470588236,-0.021661596792872828,0.023091584292799894,-0.0049056922535832825,0.011586359907351351,0.23394814814814816,0.06500416666666667,0.2064,0.11057584634864047,0.10726269240508947,0.11892597122767695
2023-05-07,28611.439197614574,-0.02522,-0.009610710047438076,-0.021661596792872828,0.023091584292799894,-0.0049056922535832825,0.04861176470588236,0.23394814814814816,0.06500416666666667,0.10938055223099341,0.10363427970667678,0.1156362767832325
2023-05-08,27696.76078562556,0.05649615384615384,-0.03249114259462971,-0.009610710047438076,-0.021661596792872828,0.023091584292799894,-0.02522,0.04861176470588236,0.23394814814814816,0.09478756580565405,0.10641037860777566,0.11006691780887352
2023-05-09,27607.39168091902,0.284553125,-0.0032319158150393434,-0.03249114259462971,-0.009610710047438076,-0.021661596792872828,0.05649615384615384,-0.02522,0.04861176470588236,0.12425619405240729,0.11737369706015663,0.11508781144922442
2023-05-10,27639.73356593586,0.10030294117647058,0.0011708080218415517,-0.0032319158150393434,-0.03249114259462971,-0.009610710047438076,0.284553125,0.05649615384615384,-0.02522,0.10909947136333166,0.11654279603307913,0.11485244971832514
2023-05-11,27024.76572929978,0.19932631578947368,-0.022500664593447794,0.0011708080218415517,-0.0032319158150393434,-0.03249114259462971,0.10030294117647058,0.284553125,0.05649615384615384,0.12828834980944695,0.12262467573232724,0.11894214804951898
2023-05-12,26787.69039591833,-0.06799411764705882,-0.00881122640676324,-0.022500664593447794,0.0011708080218415517,-0.0032319158150393434,0.19932631578947368,0.10030294117647058,0.284553125,0.08515374041013167,0.10482395304325162,0.1120459274612837
2023-05-13,26798.126271474703,0.037312500000000005,0.0003895014142685227,-0.00881122640676324,-0.022500664593447794,0.0011708080218415517,-0.06799411764705882,0.19932631578947368,0.10030294117647058,0.08353955973786276,0.0970577030432516,0.10825234412795036
2023-05-14,26911.805273213893,-0.040825000000000014,0.004233078249047395,0.0003895014142685227,-0.00881122640676324,-0.022500664593447794,0.037312500000000005,-0.06799411764705882,0.19932631578947368,0.08131027402357704,0.09534541312728521,0.10061137746128371
2023-05-15,27227.793422558792,0.1691421052631579,0.011673220529957007,0.004233078249047395,0.0003895014142685227,-0.00881122640676324,-0.040825000000000014,0.037312500000000005,-0.06799411764705882,0.09740255279743477,0.09609505930154441,0.10373404533787171
2023-05-16,27022.713173921147,0.31646428571428575,-0.007560527574597131,0.011673220529957007,0.004233078249047395,0.0003895014142685227,0.1691421052631579,-0.040825000000000014,0.037312500000000005,0.10196129004233272,0.11310874204737001,0.11158080357962996
2023-05-17,27389.971511442203,0.35736111111111113,0.013499202132903676,-0.007560527574597131,0.011673220529957007,0.004233078249047395,0.31646428571428575,0.1691421052631579,-0.040825000000000014,0.13868388574728138,0.12389167855530651,0.123020840616667
2023-05-18,26842.95249471792,0.028410714285714282,-0.02017363358393709,0.013499202132903676,-0.007560527574597131,0.011673220529957007,0.35736111111111113,0.31646428571428575,0.1691421052631579,0.11426737124674431,0.12127786052809564,0.1179543350144261
2023-05-19,26884.371059589947,0.27755942028985503,0.0015418066762649119,-0.02017363358393709,0.013499202132903676,-0.007560527574597131,0.028410714285714282,0.35736111111111113,0.31646428571428575,0.16363216238058917,0.12439295139536041,0.12471031569075461
2023-05-20,27093.79110149735,0.24637222222222224,0.007759474731162896,0.0015418066762649119,-0.02017363358393709,0.013499202132903676,0.27755942028985503,0.028410714285714282,0.35736111111111113,0.19349783698376374,0.13851869836081326,0.12643938976482869
2023-05-21,26773.83024366478,0.2442947368421053,-0.011879663989033062,0.007759474731162896,0.0015418066762649119,-0.02017363358393709,0.24637222222222224,0.27755942028985503,0.028410714285714282,0.2342292279612074,0.15776975099239218,0.13041180691882479
2023-05-22,26869.686021790774,0.35054516129032254,0.00357381047413341,-0.011879663989033062,0.007759474731162896,0.0015418066762649119,0.2442947368421053,0.24637222222222224,0.27755942028985503,0.26014395025080234,0.17877325152411855,0.13452597896183555
2023-05-23,27222.937746603853,0.2937842105263158,0.013061179957148283,0.00357381047413341,-0.011879663989033062,0.007759474731162896,0.35054516129032254,0.2442947368421053,0.24637222222222224,0.2569039395096638,0.17943261477599828,0.1434661933867868
2023-05-24,26338.948946998687,0.01102857142857143,-0.0330111252162304,0.013061179957148283,0.00357381047413341,-0.011879663989033062,0.2937842105263158,0.35054516129032254,0.2442947368421053,0.2074278624121581,0.17305587407971973,0.14324612012671353
2023-05-25,26475.607902534273,0.03464166666666667,0.005175060387848873,-0.0330111252162304,0.013061179957148283,0.00357381047413341,0.01102857142857143,0.2937842105263158,0.35054516129032254,0.20831799846657986,0.1612926848566621,0.14003195346004688
2023-05-26,26717.987553571777,0.09486521739130434,0.009113177119388638,0.005175060387848873,-0.0330111252162304,0.013061179957148283,0.03464166666666667,0.01102857142857143,0.2937842105263158,0.18221882662392974,0.17292549450225944,0.13946294218790514
2023-05-27,26848.23993959246,0.16724545454545453,0.00486323748502393,0.009113177119388638,0.005175060387848873,-0.0330111252162304,0.09486521739130434,0.03464166666666667,0.01102857142857143,0.1709150026701058,0.1822064198269348,0.14123179067275368
2023-05-28,28110.313467609285,0.30010416666666667,0.04593626911047899,0.00486323748502393,0.009113177119388638,0.005175060387848873,0.16724545454545453,0.09486521739130434,0.03464166666666667,0.17888777835932884,0.2065585031602681,0.14519472956164256
2023-05-29,27759.746663920676,0.20083636363636365,-0.012549526661201682,0.04593626911047899,0.00486323748502393,0.009113177119388638,0.30010416666666667,0.16724545454545453,0.09486521739130434,0.15750080726590615,0.20882237875835427,0.147021275016188
2023-05-30,27713.908547529507,0.0859357142857143,-0.0016526088518542537,-0.012549526661201682,0.04593626911047899,0.00486323748502393,0.20083636363636365,0.30010416666666667,0.16724545454545453,0.12780816494582023,0.19235605222774202,0.15044756353159414
2023-05-31,27245.474465179723,0.1428125,-0.017046968160626008,-0.0016526088518542537,-0.012549526661201682,0.04593626911047899,0.0859357142857143,0.20083636363636365,0.30010416666666667,0.1466344404560243,0.1770311514340912,0.1499197449041432
2023-06-01,26824.10149951678,0.3581086956521739,-0.015586639581426809,-0.017046968160626008,-0.0016526088518542537,-0.012549526661201682,0.1428125,0.0859357142857143,0.20083636363636365,0.1928440160253825,0.2005810072459812,0.1592476105167914
2023-06-02,27247.74008145703,0.4957966666666667,0.01566979181597361,-0.015586639581426809,-0.017046968160626008,-0.0016526088518542537,0.3581086956521739,0.1428125,0.0859357142857143,0.25011993735043425,0.216169381987182,0.16889416607234695
2023-06-03,27066.371328526235,0.26583,-0.006678537947230723,0.01566979181597361,-0.015586639581426809,-0.017046968160626008,0.4957966666666667,0.3581086956521739,0.1428125,0.26420344384394073,0.2175592232570233,0.1755883605167914
2023-06-04,27315.447587487684,0.18210869565217389,0.009160340923783039,-0.006678537947230723,0.01566979181597361,-0.015586639581426809,0.26583,0.4957966666666667,0.3581086956521739,0.24734694798472748,0.2131173631720282,0.17386037876692562
2023-06-05,25792.6160902334,0.31151666666666666,-0.057364134943998835,0.009160340923783039,-0.006678537947230723,0.01566979181597361,0.18210869565217389,0.26583,0.4957966666666667,0.2631584198461993,0.21032961355605276,0.1826238754989517
2023-06-06,27216.61556469773,0.1260318181818182,0.05373940023610757,-0.057364134943998835,0.009160340923783039,-0.006678537947230723,0.31151666666666666,0.18210869565217389,0.26583,0.26888643468849993,0.19834729981716004,0.187665602771679
2023-06-07,26346.244545137633,0.21347916666666666,-0.03250191032424965,0.05373940023610757,-0.057364134943998835,0.009160340923783039,0.1260318181818182,0.31151666666666666,0.18210869565217389,0.278981672783738,0.21280805661988117,0.1928983698656961
2023-06-08,26507.90989220298,0.19703199999999998,0.006117432128187161,-0.03250191032424965,0.05373940023610757,-0.057364134943998835,0.21347916666666666,0.1260318181818182,0.31151666666666666,0.2559707162619989,0.22440736614369067,0.1899809990323628
2023-06-09,26469.581684007026,0.20654399999999998,-0.0014469622378445735,0.006117432128187161,-0.03250191032424965,0.05373940023610757,0.19703199999999998,0.21347916666666666,0.1260318181818182,0.21464890673818934,0.2323844220443118,0.19352236765981376
2023-06-10,25858.12289218562,-0.06217777777777779,-0.02337142931434144,-0.0014469622378445735,0.006117432128187161,-0.03250191032424965,0.20654399999999998,0.19703199999999998,0.21347916666666666,0.16779065276993535,0.21599704830693806,0.18480556454090535
2023-06-11,25916.57989637981,0.10039999999999999,0.002258130935992142,-0.02337142931434144,-0.0014469622378445735,0.006117432128187161,-0.06217777777777779,0.20654399999999998,0.19703199999999998,0.15611798196248197,0.20173246497360472,0.19041870179580733
2023-06-12,25910.362742919464,0.290303125,-0.0002399197472815473,0.002258130935992142,-0.02337142931434144,-0.0014469622378445735,0.10039999999999999,-0.06217777777777779,0.20654399999999998,0.153087476010101,0.20812294792815014,0.19885172262914066
2023-06-13,25872.20645879509,0.18700270270270272,-0.0014737117766969732,-0.0002399197472815473,0.002258130935992142,-0.02337142931434144,0.290303125,0.10039999999999999,-0.06217777777777779,0.16179760237022736,0.2153420185293636,0.2064459793858974
2023-06-14,25107.75469588059,0.08415,-0.029992532362994595,-0.0014737117766969732,-0.0002399197472815473,0.002258130935992142,0.18700270270270272,0.290303125,0.10039999999999999,0.14332200713213214,0.21115183995793507,0.2036129092104588
2023-06-15,25564.599632887144,0.1763671875,0.018031817208798984,-0.029992532362994595,-0.0014737117766969732,-0.0002399197472815473,0.08415,0.18700270270270272,0.290303125,0.14036989106070355,0.1981703036613512,0.1989430059366493
2023-06-16,26327.3256694539,0.24842424242424244,0.029398830978756507,0.018031817208798984,-0.029992532362994595,-0.0014737117766969732,0.1763671875,0.08415,0.18700270270270272,0.14635278283559533,0.18050084478689232,0.19531177698042035
2023-06-17,26501.044442233673,0.23593999999999998,0.006576746493427876,0.029398830978756507,0.018031817208798984,-0.029992532362994595,0.24842424242424244,0.1763671875,0.08415,0.1889410368038493,0.17836584478689232,0.2022294198375632
2023-06-18,26333.092529664373,0.22717600000000002,-0.006357725816009463,0.006576746493427876,0.029398830978756507,0.018031817208798984,0.23593999999999998,0.24842424242424244,0.1763671875,0.20705189394670648,0.18158493795459418,0.20054997249456802
2023-06-19,26779.38746152284,0.09395806451612904,0.016806047704742255,-0.006357725816009463,0.006576746493427876,0.029398830978756507,0.22717600000000002,0.23593999999999998,0.24842424242424244,0.17900259959186773,0.16604503780098437,0.19546950057103157
2023-06-20,28330.891419807507,0.20360169491525423,0.05632031190606668,0.016806047704742255,-0.006357725816009463,0.006576746493427876,0.09395806451612904,0.22717600000000002,0.23593999999999998,0.18137388419366082,0.17158574328194406,0.19411306584013654
2023-06-21,30101.76481948869,0.1956913043478261,0.0606310229879643,0.05632031190606668,0.016806047704742255,-0.006357725816009463,0.20360169491525423,0.09395806451612904,0.22717600000000002,0.19730835624335025,0.17031518168774115,0.18895127060872
2023-06-22,29935.632106749556,0.1965909090909091,-0.005534321782105778,0.0606310229879643,0.05632031190606668,0.016806047704742255,0.1956913043478261,0.20360169491525423,0.09395806451612904,0.20019745932776584,0.1702836751942347,0.18571149389420646
2023-06-23,30629.24435333575,0.16078070175438597,0.02290577026071361,-0.005534321782105778,0.0606310229879643,0.05632031190606668,0.1965909090909091,0.1956913043478261,0.20360169491525423,0.18767695351778638,0.16701486817669084,0.19070323157173358
2023-06-24,30537.816664634793,0.28062608695652175,-0.0029894441638500524,0.02290577026071361,-0.005534321782105778,0.0606310229879643,0.16078070175438597,0.1965909090909091,0.1956913043478261,0.19406068022586087,0.19150085851485513,0.1989027122480621
2023-06-25,30454.75697441562,0.14735882352941176,-0.0027236017963581105,-0.0029894441638500524,0.02290577026071361,-0.005534321782105778,0.28062608695652175,0.16078070175438597,0.1965909090909091,0.1826582264443483,0.19485506019552737,0.20065249911933236
2023-06-26,30285.50506407074,0.19784225352112675,-0.0055729871001268805,-0.0027236017963581105,-0.0029894441638500524,0.02290577026071361,0.14735882352941176,0.28062608695652175,0.16078070175438597,0.19749882487363365,0.18825071223275072,0.20167239241852142
2023-06-27,30693.54635606798,0.11947582417582417,0.013383198748837088,-0.0055729871001268805,-0.0027236017963581105,-0.0029894441638500524,0.19784225352112675,0.14735882352941176,0.28062608695652175,0.18548084333942935,0.1834273637665451,0.19565144766882667
2023-06-28,30083.477245263824,0.127465625,-0.020076323770338078,0.013383198748837088,-0.0055729871001268805,-0.0027236017963581105,0.11947582417582417,0.19784225352112675,0.14735882352941176,0.17573431771831133,0.1865213369808308,0.1932057563809479
2023-06-29,30466.61045689353,0.14126774193548386,0.012655252521039273,-0.020076323770338078,0.013383198748837088,-0.0055729871001268805,0.127465625,0.11947582417582417,0.19784225352112675,0.1678310081246792,0.1840142337262225,0.19505015730260686
2023-06-30,30480.781481944465,0.14243999999999998,0.00046502483061239275,0.012655252521039273,-0.020076323770338078,0.013383198748837088,0.14126774193548386,0.127465625,0.11947582417582417,0.16521090787405263,0.1764439306959195,0.1950377406359402
2023-07-01,30583.619599697537,0.11085000000000002,0.003368188769684366,0.00046502483061239275,0.012655252521039273,-0.020076323770338078,0.14243999999999998,0.14126774193548386,0.127465625,0.14095718116597808,0.1675089306959195,0.18679578411420109
2023-07-02,30571.887072871446,0.1658277777777778,-0.0003836948660360662,0.003368188769684366,0.00046502483061239275,0.012655252521039273,0.11085000000000002,0.14243999999999998,0.14126774193548386,0.14359560320145892,0.16312691482290362,0.17579682115123813
2023-07-03,31134.713133508405,0.1779,0.01824251108324404,-0.0003836948660360662,0.003368188769684366,0.00046502483061239275,0.1658277777777778,0.11085000000000002,0.14243999999999998,0.14074670984129797,0.16912276735746581,0.1728658211512381
2023-07-04,30775.624022375305,0.11874074074074076,-0.011600425857848151,0.01824251108324404,-0.0003836948660360662,0.003368188769684366,0.1779,0.1658277777777778,0.11085000000000002,0.14064169792200035,0.16306127063071488,0.17075355598752365
2023-07-05,30484.79377442352,0.2249854166666667,-0.009494954274591905,-0.011600425857848151,0.01824251108324404,-0.0003836948660360662,0.11874074074074076,0.1779,0.1658277777777778,0.15457309673152417,0.1651537072249178,0.16786918098752368
2023-07-06,29990.055151220247,0.174559375,-0.016362162769395283,-0.009494954274591905,-0.011600425857848151,0.01824251108324404,0.2249854166666667,0.11874074074074076,0.1779,0.15932904431216932,0.16358002621842424,0.1694867662147964
2023-07-07,30315.26540235163,-0.0022458333333333267,0.0107855625585902,-0.016362162769395283,-0.009494954274591905,-0.011600425857848151,0.174559375,0.2249854166666667,0.11874074074074076,0.13865963955026456,0.1519352737121586,0.16229593288146307
2023-07-08,30264.19734525722,0.22720344827586209,-0.0016859862030838002,0.0107855625585902,-0.016362162769395283,-0.009494954274591905,-0.0022458333333333267,0.174559375,0.2249854166666667,0.15528156073253058,0.14811937094925431,0.1633016478239918
2023-07-09,30169.87065747925,0.23409285714285713,-0.003121642063614871,-0.0016859862030838002,0.0107855625585902,-0.016362162769395283,0.22720344827586209,-0.0022458333333333267,0.174559375,0.1650337149275419,0.1543146590645004,0.16421994306208704
2023-07-10,30394.28114637557,0.19061666666666668,0.0074107044922193666,-0.003121642063614871,-0.0016859862030838002,0.0107855625585902,0.23409285714285713,0.22720344827586209,-0.0022458333333333267,0.1668503815942086,0.15379854571775328,0.17264642454356854
2023-07-11,30620.81424697801,-0.021282352941176478,0.00742551134361058,0.0074107044922193666,-0.003121642063614871,-0.0016859862030838002,0.19061666666666668,0.23409285714285713,0.22720344827586209,0.14684708249679182,0.14374439020939606,0.16859034611219595
2023-07-12,30407.41631435991,0.1480025641025641,-0.0069934455054116995,0.00742551134361058,0.0074107044922193666,-0.003121642063614871,-0.021282352941176478,0.19061666666666668,0.23409285714285713,0.13584953213049147,0.14521131443100782,0.16384699408228146
2023-07-13,31446.0149710716,0.09691363636363635,0.0335857287676955,-0.0069934455054116995,0.00742551134361058,0.0074107044922193666,0.1480025641025641,-0.021282352941176478,0.19061666666666668,0.12475728375386808,0.1420431640330187,0.16084402520431257
2023-07-14,30311.82780813052,0.2078872340425532,-0.03673427208629043,0.0335857287676955,-0.0069934455054116995,0.00742551134361058,0.09691363636363635,0.1480025641025641,-0.021282352941176478,0.1547762933789947,0.14671796646462965,0.16496859967239766
2023-07-15,30297.971400125534,0.06559615384615385,-0.00045723326681290644,-0.03673427208629043,0.0335857287676955,-0.0069934455054116995,0.2078872340425532,0.09691363636363635,0.1480025641025641,0.13168953703189354,0.14348554888221204,0.1612762318839361
2023-07-16,30237.334785146097,0.23863703703703704,-0.002003347767789876,-0.00045723326681290644,-0.03673427208629043,0.0335857287676955,0.06559615384615385,0.2078872340425532,0.09691363636363635,0.13233870558820496,0.14868621025787343,0.1609499917043626
2023-07-17,30147.860079211525,0.050091428571428565,-0.002963467174929235,-0.002003347767789876,-0.00045723326681290644,-0.03673427208629043,0.23863703703703704,0.06559615384615385,0.2078872340425532,0.11226367157459952,0.13955702658440403,0.15475503932341023
2023-07-18,29848.03227250528,0.23593125,-0.00999502769374061,-0.002963467174929235,-0.002003347767789876,-0.00045723326681290644,0.050091428571428565,0.23863703703703704,0.06559615384615385,0.14900847199476758,0.1479277772457797,0.1550468809900769
2023-07-19,29919.87483825516,0.10670943396226415,0.002404052737457363,-0.00999502769374061,-0.002963467174929235,-0.002003347767789876,0.23593125,0.050091428571428565,0.23863703703703704,0.14310945340329617,0.1394794927668938,0.15547192663828144
2023-07-20,29787.041530355687,0.16017826086956521,-0.0044495189212110375,0.002404052737457363,-0.00999502769374061,-0.002963467174929235,0.10670943396226415,0.23593125,0.050091428571428565,0.15214725690414313,0.13845227032900562,0.15402447883675846
2023-07-21,29914.68272835899,0.12534347826086956,0.004275970051782707,-0.0044495189212110375,0.002404052737457363,-0.00999502769374061,0.16017826086956521,0.10670943396226415,0.23593125,0.14035529179247405,0.14756579258573438,0.15167955130052657
2023-07-22,29710.155935991766,-0.144975,-0.006860482951072555,0.004275970051782707,-0.0044495189212110375,0.002404052737457363,0.12534347826086956,0.16017826086956521,0.10670943396226415,0.11027369838588065,0.12098161770888709,0.14029402099749624
2023-07-23,30057.956718714588,0.018836363636363648,0.011638470521578625,-0.006860482951072555,0.004275970051782707,-0.0044495189212110375,-0.144975,0.12534347826086956,0.16017826086956521,0.07887360218578444,0.10560615388699471,0.13556254306022883
2023-07-24,29184.901913057693,0.002165217391304339,-0.029475890803434268,0.011638470521578625,-0.006860482951072555,0.004275970051782707,0.018836363636363648,-0.144975,0.12534347826086956,0.07202700058862385,0.09214533608161168,0.1262805140747216
2023-07-25,29222.974630383527,0.2727657894736842,0.0013036845361042992,-0.029475890803434268,0.011638470521578625,-0.006860482951072555,0.002165217391304339,0.018836363636363648,-0.144975,0.07728907765629302,0.1131487748255303,0.130460746272864
2023-07-26,29363.672907978616,0.1856897435897436,0.0048030926497979465,0.0013036845361042992,-0.029475890803434268,0.011638470521578625,0.2727657894736842,0.002165217391304339,0.018836363636363648,0.08857197903164724,0.11584071621747169,0.13005566260848458
2023-07-27,29200.24400129131,0.18505882352941175,-0.0055812295197466,0.0048030926497979465,0.0013036845361042992,-0.029475890803434268,0.1856897435897436,0.2727657894736842,0.002165217391304339,0.09212634512591102,0.1221368010150271,0.13224176258693748
2023-07-28,29314.09738709836,0.08046521739130434,0.003891474356013447,-0.0055812295197466,0.0048030926497979465,0.0013036845361042992,0.18505882352941175,0.1856897435897436,0.2727657894736842,0.08571516500168741,0.11303522839708073,0.13067508233331432
2023-07-29,29356.74774591667,0.1916,0.0014538862099016114,0.003891474356013447,-0.0055812295197466,0.0048030926497979465,0.08046521739130434,0.18505882352941175,0.1856897435897436,0.13379730785883026,0.12203550312235546,0.13235282426879819
2023-07-30,29277.755810272716,0.15458235294117648,-0.0026943856821937118,0.0014538862099016114,0.003891474356013447,-0.0055812295197466,0.1916,0.08046521739130434,0.18505882352941175,0.1531895920452321,0.11603159711550828,0.13275756936683739
2023-07-31,29233.13636558044,0.08176666666666667,-0.001525167423782392,-0.0026943856821937118,0.0014538862099016114,0.003891474356013447,0.15458235294117648,0.1916,0.08046521739130434,0.16456122765599815,0.11829411412231099,0.13178812492239295
2023-08-01,29537.109746927432,0.25393333333333334,0.010344557395233878,-0.001525167423782392,-0.0026943856821937118,0.0014538862099016114,0.08176666666666667,0.15458235294117648,0.1916,0.16187087677880516,0.1195799772175491,0.1347249767742448
2023-08-02,29146.63627084363,0.34812413793103447,-0.013307917961078886,0.010344557395233878,-0.001525167423782392,-0.0026943856821937118,0.25393333333333334,0.08176666666666667,0.15458235294117648,0.18507579025613244,0.1368238846438898,0.14039911470527927
2023-08-03,29176.15059658541,0.3280578947368421,0.001012102810802773,-0.013307917961078886,0.010344557395233878,-0.001525167423782392,0.34812413793103447,0.25393333333333334,0.08176666666666667,0.20550422900005108,0.14881528706298103,0.147376353171816
2023-08-04,29087.938086007627,0.09875833333333334,-0.0030280256663619554,0.001012102810802773,-0.013307917961078886,0.010344557395233878,0.3280578947368421,0.34812413793103447,0.25393333333333334,0.20811753127748375,0.1469163481395856,0.14316878372737155
2023-08-05,29046.800457023197,0.232535,-0.0014152514273479966,-0.0030280256663619554,0.001012102810802773,-0.013307917961078886,0.09875833333333334,0.3280578947368421,0.34812413793103447,0.21396538842034094,0.17388134813958558,0.14510130456070489
2023-08-06,29044.204375577556,0.34141538461538457,-8.937980862455674e-05,-0.0014152514273479966,-0.0030280256663619554,0.001012102810802773,0.232535,0.09875833333333334,0.3280578947368421,0.24065582151665638,0.19692270678094423,0.1565566784923288
2023-08-07,29178.147751873083,0.150928,0.004601106197245741,-8.937980862455674e-05,-0.0014152514273479966,-0.0030280256663619554,0.34141538461538457,0.232535,0.09875833333333334,0.25053601199284686,0.20754861982442252,0.15401416354980005
2023-08-08,29779.56167125089,0.3024057142857143,0.02040224380292166,0.004601106197245741,-8.937980862455674e-05,-0.0014152514273479966,0.150928,0.34141538461538457,0.232535,0.25746063784318696,0.20966575731099607,0.15629125878789532
2023-08-09,29585.48807737921,0.009660714285714285,-0.006538334797234313,0.02040224380292166,0.004601106197245741,-8.937980862455674e-05,0.3024057142857143,0.150928,0.34141538461538457,0.2091087201795698,0.19709225521785112,0.15025939370853023
2023-08-10,29423.81891597763,0.10733076923076923,-0.0054794599069705185,-0.006538334797234313,0.02040224380292166,0.004601106197245741,0.009660714285714285,0.3024057142857143,0.150928,0.17757627367870227,0.19154025133937666,0.1545464977809284
2023-08-11,29396.8479714205,0.09122380952380953,-0.0009170568058660677,-0.0054794599069705185,-0.006538334797234313,0.02040224380292166,0.10733076923076923,0.009660714285714285,0.3024057142857143,0.17649991313448457,0.19230872220598413,0.15265387262830327
2023-08-12,29412.142274584105,0.09982777777777779,0.0005201348788492766,-0.0009170568058660677,-0.0054794599069705185,-0.006538334797234313,0.09122380952380953,0.10733076923076923,0.009660714285714285,0.15754173853130995,0.18575356347582545,0.1527510106754413
2023-08-13,29284.96971374381,-0.296,-0.004333186268295819,0.0005201348788492766,-0.0009170568058660677,-0.0054794599069705185,0.09982777777777779,0.09122380952380953,0.10733076923076923,0.0664823978719693,0.1535691096943128,0.13595476954068955
2023-08-14,29400.58680419105,-0.16365000000000002,0.003940228120535849,-0.004333186268295819,0.0005201348788492766,-0.0009170568058660677,-0.296,0.09982777777777779,0.09122380952380953,0.021542683586255013,0.1360393477895509,0.1283132310791511
2023-08-15,29170.490397060617,0.118196,-0.007857038041191089,0.003940228120535849,-0.004333186268295819,0.0005201348788492766,-0.16365000000000002,-0.296,0.09982777777777779,-0.004772989883132743,0.1263438239800271,0.12429852984458317
2023-08-16,28754.197021112577,0.24736486486486486,-0.014373855498611476,-0.007857038041191089,0.003940228120535849,-0.004333186268295819,0.118196,-0.16365000000000002,-0.296,0.02918474591388877,0.11914673304672929,0.1308743110543644
2023-08-17,26501.58726991974,0.05442702702702702,-0.08157911175534771,-0.014373855498611476,-0.007857038041191089,0.003940228120535849,0.24736486486486486,0.118196,-0.16365000000000002,0.02162706845621131,0.09960167106745678,0.12482417028859863
2023-08-18,26042.838256849,0.09327105263157894,-0.017461820737047162,-0.08157911175534771,-0.014373855498611476,-0.007857038041191089,0.05442702702702702,0.24736486486486486,0.118196,0.02191953175732123,0.09920972244590288,0.12437622424424247
2023-08-19,26104.778630797897,0.17441666666666666,0.002375579432968067,-0.017461820737047162,-0.08157911175534771,-0.014373855498611476,0.09327105263157894,0.05442702702702702,0.24736486486486486,0.03257508731287678,0.09505841292209337,0.1248508377708125
2023-08-20,26160.700419818215,0.09573333333333334,0.002139913816003869,0.002375579432968067,-0.017461820737047162,-0.08157911175534771,0.17441666666666666,0.09327105263157894,0.05442702702702702,0.08853699207478154,0.07750969497337543,0.12386383293989463
2023-08-21,26119.005958595222,0.006131034482758621,-0.0015950537197397807,0.002139913816003869,0.002375579432968067,-0.017461820737047162,0.09573333333333334,0.17441666666666666,0.09327105263157894,0.1127914255723185,0.06716705457928676,0.12890070075598659
2023-08-22,26033.675406585844,0.02597169811320754,-0.0032723390598690116,-0.0015950537197397807,0.002139913816003869,0.002375579432968067,0.006131034482758621,0.09573333333333334,0.17441666666666666,0.09961652530277672,0.04742176770982199,0.12913854523854804
2023-08-23,26450.00862461353,0.13919310344827587,0.01586557646775688,-0.0032723390598690116,-0.0015950537197397807,0.002139913816003869,0.02597169811320754,0.006131034482758621,0.09573333333333334,0.08416341652897828,0.05667408122143353,0.1337061414404471
2023-08-24,26134.934254516003,0.14579016393442623,-0.01198358782551523,0.01586557646775688,-0.0032723390598690116,-0.0015950537197397807,0.13919310344827587,0.02597169811320754,0.006131034482758621,0.09721529323003532,0.05942118084312332,0.1294736205891385
2023-08-25,26044.036209289137,0.1367651162790698,-0.0034840908653048785,-0.01198358782551523,0.01586557646775688,-0.0032723390598690116,0.14579016393442623,0.13919310344827587,0.02597169811320754,0.10342873089396257,0.06267413132564191,0.1278427996787827
2023-08-26,26002.01571731937,0.26974634146341464,-0.0016147430802000429,-0.0034840908653048785,-0.01198358782551523,0.01586557646775688,0.1367651162790698,0.14579016393442623,0.13919310344827587,0.11704725586492658,0.07481117158890169,0.13066571694324947
2023-08-27,26082.717178218525,0.06503684210526316,0.003098855307245074,-0.0016147430802000429,-0.0034840908653048785,-0.01198358782551523,0.26974634146341464,0.1367651162790698,0.14579016393442623,0.11266204283234513,0.10059951745356333,0.1301514377670481
2023-08-28,26109.2698239287,0.107375,0.0010174990271938356,0.003098855307245074,-0.0016147430802000429,-0.0034840908653048785,0.06503684210526316,0.26974634146341464,0.1367651162790698,0.12712546647766532,0.11995844602499191,0.12734393776704808
2023-08-29,27730.50373550554,0.1693765625,0.06024260824591643,0.0010174990271938356,0.003098855307245074,-0.0016147430802000429,0.107375,0.06503684210526316,0.26974634146341464,0.14761187567577852,0.12361420048927761,0.12783707808567554
2023-08-30,27297.261438480404,0.2663674157303371,-0.015746641635542957,0.06024260824591643,0.0010174990271938356,0.003098855307245074,0.1693765625,0.107375,0.06503684210526316,0.16577963457321584,0.12497152555109707,0.13399043638779787
2023-08-31,25927.417005779287,0.10858144329896909,-0.051485403085072434,-0.015746641635542957,0.06024260824591643,0.0010174990271938356,0.2663674157303371,0.1693765625,0.107375,0.16046410305386485,0.1288396981419501,0.1291453733866524
2023-09-01,25812.33049442542,0.1673323076923077,-0.004448676567550436,-0.051485403085072434,-0.015746641635542957,0.06024260824591643,0.10858144329896909,0.2663674157303371,0.1693765625,0.16483084468432738,0.134129787789145,0.12311897904536152
2023-09-02,25853.65684277757,0.23262954545454545,0.0015997509888272532,-0.004448676567550436,-0.051485403085072434,-0.015746641635542957,0.1673323076923077,0.10858144329896909,0.2663674157303371,0.15952844525448892,0.13828785055970777,0.11993803406928497
2023-09-03,25959.596311463454,0.11684594594594594,0.004089286422507499,0.0015997509888272532,-0.004448676567550436,-0.051485403085072434,0.23262954545454545,0.1673323076923077,0.10858144329896909,0.16692974580315792,0.1397958943177515,0.12054095448970539
2023-09-04,25829.364772941324,0.07764864864864865,-0.005029327111527593,0.004089286422507499,0.0015997509888272532,-0.004448676567550436,0.11684594594594594,0.23262954545454545,0.1673323076923077,0.16268312418153627,0.14490429532960078,0.11537807611132701
2023-09-05,25784.41351983038,0.11824313725490196,-0.0017418319666901994,-0.005029327111527593,0.004089286422507499,0.0015997509888272532,0.07764864864864865,0.11684594594594594,0.23262954545454545,0.1553783491465223,0.1514951124111504,0.10793900119931092
2023-09-06,25752.958418589413,0.32059166666666666,-0.0012206716781886229,-0.0017418319666901994,-0.005029327111527593,0.004089286422507499,0.11824313725490196,0.07764864864864865,0.11684594594594594,0.16312467070885509,0.16445215264103547,0.11359445675486649
2023-09-07,26192.333433090567,0.26412857142857143,0.01691724033601716,-0.0012206716781886229,-0.0017418319666901994,-0.005029327111527593,0.32059166666666666,0.11824313725490196,0.07764864864864865,0.185345689013084,0.17290489603347442,0.11231855199296173
2023-09-08,25907.228137249735,0.22154000000000001,-0.010944742460136325,0.01691724033601716,-0.0012206716781886229,-0.0017418319666901994,0.26412857142857143,0.32059166666666666,0.11824313725490196,0.19308964505704004,0.17896024487068368,0.1193811948501046
2023-09-09,25889.3250094629,0.23038999999999998,-0.0006912864819046405,-0.010944742460136325,0.01691724033601716,-0.0012206716781886229,0.22154000000000001,0.26412857142857143,0.32059166666666666,0.19276970999210494,0.17614907762329696,0.12348316920907894
2023-09-10,25834.58009856291,0.140484375,-0.002116813540194329,-0.0006912864819046405,-0.010944742460136325,0.01691724033601716,0.23038999999999998,0.22154000000000001,0.26412857142857143,0.1961466284283984,0.18153818711577815,0.12512518805828526
2023-09-11,25133.303106566527,0.1676861111111111,-0.027520124717906214,-0.002116813540194329,-0.0006912864819046405,-0.010944742460136325,0.140484375,0.23038999999999998,0.22154000000000001,0.20900912306589303,0.18584612362371464,0.12738713250272973
2023-09-12,25866.806663158084,0.2227,0.02876676705333736,-0.027520124717906214,-0.002116813540194329,-0.0006912864819046405,0.1676861111111111,0.140484375,0.23038999999999998,0.22393153202947844,0.18965494058800036,0.14467713250272973
2023-09-13,26223.436075660946,0.11886808510638298,0.013692966897052017,0.02876676705333736,-0.027520124717906214,-0.002116813540194329,0.2227,0.1676861111111111,0.140484375,0.1951138775208665,0.17911927411486078,0.15409440200627583
2023-09-14,26531.39556626326,0.14196808510638298,0.011675252454102392,0.013692966897052017,0.02876676705333736,-0.027520124717906214,0.11886808510638298,0.2227,0.1676861111111111,0.17766237947483957,0.18150403424396178,0.15488680484315523
2023-09-15,26634.631025000588,0.1909578947368421,0.003883517167013295,0.011675252454102392,0.013692966897052017,0.02876676705333736,0.14196808510638298,0.11886808510638298,0.2227,0.17329350729438842,0.18319157617571422,0.1530065725055545
2023-09-16,26557.768691994646,0.16463548387096774,-0.00288997627145271,0.003883517167013295,0.011675252454102392,0.013692966897052017,0.1909578947368421,0.14196808510638298,0.11886808510638298,0.163900004990241,0.17833485749117298,0.15668018773368583
2023-09-17,26520.98825478389,0.3753038461538462,-0.0013858818560716912,-0.00288997627145271,0.003883517167013295,0.011675252454102392,0.16463548387096774,0.1909578947368421,0.14196808510638298,0.19744564372650472,0.19679613607745156,0.16608128085109478
2023-09-18,26741.461110948952,0.17631346153846156,0.00827878244520086,-0.0013858818560716912,-0.00288997627145271,0.003883517167013295,0.3753038461538462,0.16463548387096774,0.1909578947368421,0.19867812235898338,0.20384362271243822,0.16614450734682126
2023-09-19,27219.296874634216,0.18471666666666667,0.017710954108194343,0.00827878244520086,-0.0013858818560716912,-0.00288997627145271,0.17631346153846156,0.3753038461538462,0.16463548387096774,0.1932519318827929,0.20859173195613567,0.16911061845793238
2023-09-20,27115.846446970816,0.13485135135135135,-0.0038078689533396215,0.017710954108194343,0.00827878244520086,-0.0013858818560716912,0.18471666666666667,0.17631346153846156,0.3753038461538462,0.1955352556320741,0.1953245665764703,0.17340129568688545
2023-09-21,26561.133454198716,0.28162571428571426,-0.020669297801552133,-0.0038078689533396215,0.017710954108194343,0.00827878244520086,0.13485135135135135,0.18471666666666667,0.17631346153846156,0.2154863455148357,0.19657436249483765,0.181923096225969
2023-09-22,26572.0381115526,0.06281612903225807,0.00041046514580678206,-0.020669297801552133,-0.0038078689533396215,0.017710954108194343,0.28162571428571426,0.13485135135135135,0.18471666666666667,0.19718037898560942,0.18523694313999894,0.17937719707876842
2023-09-23,26573.9234797301,0.13947777777777778,7.095057166495167e-05,0.00041046514580678206,-0.020669297801552133,-0.0038078689533396215,0.06281612903225807,0.28162571428571426,0.13485135135135135,0.19358642097229656,0.17874321298126875,0.17916678420688015
2023-09-24,26249.562897845204,0.1380794117647059,-0.012281077260192674,7.095057166495167e-05,0.00041046514580678206,-0.020669297801552133,0.13947777777777778,0.06281612903225807,0.28162571428571426,0.15969721605956222,0.17857142989303348,0.17921059405640136
2023-09-25,26298.634678281232,-0.004292000000000002,0.0018676870744993579,-0.012281077260192674,7.095057166495167e-05,0.00041046514580678206,0.1380794117647059,0.13947777777777778,0.06281612903225807,0.133896435839782,0.1662872790993827,0.1700759826742875
2023-09-26,26204.75759083597,0.011032692307692315,-0.003576042744299457,0.0018676870744993579,-0.012281077260192674,7.095057166495167e-05,-0.004292000000000002,0.1380794117647059,0.13947777777777778,0.10908443950278567,0.15116818569278928,0.16827584434770182
2023-09-27,26350.146895428057,0.20306724137931031,0.005532868032348759,-0.003576042744299457,0.0018676870744993579,-0.012281077260192674,0.011032692307692315,-0.004292000000000002,0.1380794117647059,0.11882956664963694,0.15718241114085552,0.1714655857270122
2023-09-28,27009.01375072488,0.25128863636363635,0.024696803159836023,0.005532868032348759,-0.003576042744299457,0.0018676870744993579,0.20306724137931031,0.011032692307692315,-0.004292000000000002,0.11449569837505438,0.16499102194494503,0.1741959881891334
2023-09-29,26917.199101637976,0.08894871794871795,-0.0034051988058969584,0.024696803159836023,0.005532868032348759,-0.003576042744299457,0.25128863636363635,0.20306724137931031,0.011032692307692315,0.11822892536312009,0.15770465217436475,0.16828203159641275
2023-09-30,26969.876144072576,-0.026453191489361705,0.0019550906770771093,-0.0034051988058969584,0.024696803159836023,0.005532868032348759,0.08894871794871795,0.25128863636363635,0.20306724137931031,0.09452450118210017,0.14405546107719833,0.16378087710346842
2023-10-01,27967.510579087113,0.08503584905660377,0.036322955220571274,0.0019550906770771093,-0.0034051988058969584,0.024696803159836023,-0.026453191489361705,0.08894871794871795,0.25128863636363635,0.086946849366657,0.1233220327131096,0.16103766181561158
2023-10-03,27439.121946705116,0.013093333333333332,-0.019073696683548746,0.036322955220571274,0.0019550906770771093,-0.0034051988058969584,0.08503584905660377,-0.026453191489361705,0.08894871794871795,0.08943046841427604,0.11166345212702902,0.15371978807823786
2023-10-04,27792.1112772493,0.13431228070175438,0.012782410102772701,-0.019073696683548746,0.036322955220571274,0.0019550906770771093,0.013093333333333332,0.08503584905660377,-0.026453191489361705,0.10704183818485634,0.108063138843821,0.1543019992367648
2023-10-05,27435.874615135104,0.07358695652173912,-0.012900763880532296,0.012782410102772701,-0.019073696683548746,0.036322955220571274,0.13431228070175438,0.013093333333333332,0.08503584905660377,0.08854465463377473,0.10368711064170585,0.15416660949920116
2023-10-06,27958.196437350485,0.141954,0.018858960641988887,-0.012900763880532296,0.012782410102772701,-0.019073696683548746,0.07358695652173912,0.13431228070175438,0.013093333333333332,0.07292542086754097,0.09371055962129769,0.15495697159070446
2023-10-07,27977.543490700005,0.11628666666666666,0.000691760014111864,0.018858960641988887,-0.012900763880532296,0.012782410102772701,0.141954,0.07358695652173912,0.13431228070175438,0.07683084211296222,0.09752988373804115,0.14814680492403776
2023-10-08,27948.10365174851,0.0645075,-0.001052820778124186,0.000691760014111864,0.018858960641988887,-0.012900763880532296,0.11628666666666666,0.141954,0.07358695652173912,0.08982522661144246,0.0921748638967713,0.141492769209752
2023-10-09,27593.782534439662,0.16596279069767442,-0.012758872564560875,-0.001052820778124186,0.000691760014111864,0.018858960641988887,0.0645075,0.11628666666666666,0.141954,0.10138621827445256,0.09416653382055477,0.1396401955663412
2023-10-10,27392.247702732497,0.20846129032258065,-0.007330434050164314,-0.012758872564560875,-0.001052820778124186,0.000691760014111864,0.16596279069767442,0.0645075,0.11628666666666666,0.12929592641577362,0.10936319741502484,0.1389092385770939
2023-10-11,26842.190439092396,0.07600566037735848,-0.020285123036430264,-0.007330434050164314,-0.012758872564560875,-0.001052820778124186,0.20846129032258065,0.16596279069767442,0.0645075,0.12096640922657419,0.11400412370571526,0.1367599480896725
2023-10-12,26729.137205815103,0.27048269230769234,-0.004220668259502958,-0.020285123036430264,-0.007330434050164314,-0.012758872564560875,0.07600566037735848,0.20846129032258065,0.16596279069767442,0.14909437148171037,0.11881951305774255,0.14018650079622522
2023-10-13,26841.136220644406,0.28576463414634146,0.004181392807934614,-0.004220668259502958,-0.020285123036430264,-0.007330434050164314,0.27048269230769234,0.07600566037735848,0.20846129032258065,0.16963874778833057,0.12128208432793577,0.14228865526776993
2023-10-14,26863.183569079916,0.21728615384615385,0.0008210642927952705,0.004181392807934614,-0.004220668259502958,-0.020285123036430264,0.28576463414634146,0.27048269230769234,0.07600566037735848,0.18406724595682875,0.1304490440348955,0.14556925755909558
2023-10-15,27150.29700140705,0.15875531914893617,0.010631276989244043,0.0008210642927952705,0.004181392807934614,-0.004220668259502958,0.21728615384615385,0.28576463414634146,0.27048269230769234,0.1975312201209625,0.14367822336620245,0.1461288320271807
2023-10-16,28513.30993247735,0.2018546218487395,0.04898300783314724,0.010631276989244043,0.0008210642927952705,0.004181392807934614,0.15875531914893617,0.21728615384615385,0.28576463414634146,0.20265862457111464,0.1520224214227836,0.14649205626424394
2023-10-17,28417.72175169982,0.18950175438596492,-0.0033580375332782353,0.04898300783314724,0.010631276989244043,0.0008210642927952705,0.2018546218487395,0.15875531914893617,0.21728615384615385,0.1999501194373124,0.16462302292654302,0.1473209319480772
2023-10-18,28328.245198134824,0.19202037037037037,-0.0031535854450606138,-0.0033580375332782353,0.04898300783314724,0.010631276989244043,0.18950175438596492,0.2018546218487395,0.15875531914893617,0.21652364943631408,0.16874502933144414,0.14121148275529466
2023-10-19,28715.748142407952,0.2579375,0.013586317586208096,-0.0031535854450606138,-0.0033580375332782353,0.04898300783314724,0.19202037037037037,0.18950175438596492,0.2018546218487395,0.21473147910664372,0.18191292529417707,0.14393228403734598
2023-10-20,29677.392888476206,0.1812625,0.032939885716723794,0.013586317586208096,-0.0031535854450606138,-0.0033580375332782353,0.2579375,0.19202037037037037,0.18950175438596492,0.19980260280002354,0.18472067529417707,0.1438171451484571
2023-10-21,29920.07449265145,0.18309857142857144,0.008144069074635496,0.032939885716723794,0.013586317586208096,-0.0031535854450606138,0.1812625,0.2579375,0.19202037037037037,0.1949186624546546,0.1894929542057417,0.14542538581769773
2023-10-22,30019.38050086351,0.23688028169014086,0.003313546947813606,0.008144069074635496,0.032939885716723794,0.013586317586208096,0.18309857142857144,0.1812625,0.2579375,0.20607937138911245,0.20180529575503744,0.14393387139784528
2023-10-23,32953.262760830985,0.20394105960264902,0.09324708784057734,0.003313546947813606,0.008144069074635496,0.032939885716723794,0.23688028169014086,0.18309857142857144,0.1812625,0.2063774339253852,0.20451802924824994,0.14863803575019166
2023-10-24,33846.72425733224,0.14481656050955413,0.026751944747079648,0.09324708784057734,0.003313546947813606,0.008144069074635496,0.20394105960264902,0.23688028169014086,0.18309857142857144,0.1999938348001837,0.19997197711874803,0.1488159951745842
2023-10-25,34471.986031672015,0.10689291338582678,0.01830477273921538,0.026751944747079648,0.09324708784057734,0.003313546947813606,0.14481656050955413,0.20394105960264902,0.23688028169014086,0.18783276951667746,0.20217820947649576,0.14777644522862157
2023-10-26,34174.451552912586,0.09909222222222222,-0.008668660819958873,0.01830477273921538,0.026751944747079648,0.09324708784057734,0.10689291338582678,0.14481656050955413,0.20394105960264902,0.1651405869769949,0.18993603304181933,0.15122258596936228
2023-10-27,33899.09305644032,0.22628205128205126,-0.008090073754370763,-0.008668660819958873,0.01830477273921538,0.026751944747079648,0.09909222222222222,0.10689291338582678,0.14481656050955413,0.17157195144585938,0.18568727712294147,0.15839756460184093
2023-10-28,34092.630932838576,0.11538823529411765,0.005692998728662246,-0.008090073754370763,-0.008668660819958873,0.01830477273921538,0.22628205128205126,0.09909222222222222,0.10689291338582678,0.16189904628379456,0.1784088543692246,0.15547493106566787
2023-10-29,34556.242814761616,0.03751754385964912,0.013506963915469683,0.005692998728662246,-0.008090073754370763,-0.008668660819958873,0.11538823529411765,0.22628205128205126,0.09909222222222222,0.1334186551651529,0.16974901327713268,0.14834922798220163
2023-10-30,34498.70391946407,0.22032289156626506,-0.0016664673954505105,0.013506963915469683,0.005692998728662246,-0.008090073754370763,0.03751754385964912,0.11538823529411765,0.22628205128205126,0.13575891687424088,0.17106817539981306,0.1527283671027865
2023-10-31,34672.2892841885,0.2237903846153846,0.005019032431926362,-0.0016664673954505105,0.013506963915469683,0.005692998728662246,0.22032289156626506,0.03751754385964912,0.11538823529411765,0.1470408917465024,0.17351736327334302,0.1610698196396114
2023-11-01,35457.45491210553,0.14640582524271845,0.022392736370143496,0.005019032431926362,-0.0016664673954505105,0.013506963915469683,0.2237903846153846,0.22032289156626506,0.03751754385964912,0.15268559344034408,0.17025918147851077,0.16311548551248187
2023-11-02,34924.05545044328,0.16346698113207547,-0.015157664888581834,0.022392736370143496,0.005019032431926362,-0.0016664673954505105,0.14640582524271845,0.2237903846153846,0.22032289156626506,0.16188198757032307,0.163511287273659,0.16812794043910662
2023-11-03,34731.38136896784,0.08134651162790699,-0.005532219211577427,-0.015157664888581834,0.022392736370143496,0.005019032431926362,0.16346698113207547,0.14640582524271845,0.2237903846153846,0.14117691047687392,0.15637443096136663,0.16636241480331168
2023-11-04,35048.407834901074,0.16924262295081968,0.009086546429275089,-0.005532219211577427,-0.015157664888581834,0.022392736370143496,0.08134651162790699,0.16346698113207547,0.14640582524271845,0.14887039442783134,0.15538472035581297,0.1695509370176144
2023-11-05,35061.92874919579,0.09502539682539683,0.00038570388108638554,0.009086546429275089,-0.005532219211577427,-0.015157664888581834,0.16924262295081968,0.08134651162790699,0.16346698113207547,0.1570858019943667,0.14525222857975978,0.1679866502451276
2023-11-06,35031.26888208706,0.13090000000000002,-0.0008748315129079032,0.00038570388108638554,0.009086546429275089,-0.005532219211577427,0.09502539682539683,0.16924262295081968,0.08134651162790699,0.144311103199186,0.14003501003671345,0.16847376135623873
2023-11-07,35436.53762957962,0.15766333333333332,0.011502365002725057,-0.0008748315129079032,0.00038570388108638554,0.009086546429275089,0.13090000000000002,0.09502539682539683,0.16924262295081968,0.1348643815874644,0.14095263666698338,0.17157895580068316
2023-11-08,35795.080630710196,0.20379761904761903,0.010067047132732654,0.011502365002725057,-0.0008748315129079032,0.00038570388108638554,0.15766333333333332,0.13090000000000002,0.09502539682539683,0.14306320927387878,0.1478744013571114,0.17284011674568134
2023-11-09,36768.42081912672,0.124275,0.026828875440909172,0.010067047132732654,0.011502365002725057,-0.0008748315129079032,0.20379761904761903,0.15766333333333332,0.13090000000000002,0.1374643548264394,0.14967317119838125,0.17003390706826196
2023-11-10,37344.249000720345,0.1464127906976744,0.01553957698339481,0.026828875440909172,0.010067047132732654,0.011502365002725057,0.124275,0.20379761904761903,0.15766333333333332,0.14675953755069188,0.1439682240137829,0.1723808114122725
2023-11-11,37122.722824306555,0.20155344827586205,-0.005949666663203956,0.01553957698339481,0.026828875440909172,0.010067047132732654,0.1464127906976744,0.124275,0.20379761904761903,0.15137536973998364,0.1501228820839075,0.1700831699445448
2023-11-12,37067.69698212008,0.0891015625,-0.0014833681335115756,-0.005949666663203956,0.01553957698339481,0.026828875440909172,0.20155344827586205,0.1464127906976744,0.124275,0.15052910769349842,0.15380745484393257,0.1635277342230001
2023-11-13,36549.16204829837,0.200875,-0.01408762928444851,-0.0014833681335115756,-0.005949666663203956,0.01553957698339481,0.0891015625,0.20155344827586205,0.1464127906976744,0.16052553626492697,0.1524183197320565,0.16298069576146165
2023-11-14,35545.201433454065,0.21569583333333334,-0.027853093394156758,-0.01408762928444851,-0.0014833681335115756,-0.005949666663203956,0.200875,0.0891015625,0.20155344827586205,0.16881589340778413,0.15184013749762423,0.16487871290094158
2023-11-15,37903.66245166294,0.15115499999999998,0.06424257566440339,-0.027853093394156758,-0.01408762928444851,-0.0014833681335115756,0.21569583333333334,0.200875,0.0891015625,0.16129551925812424,0.15217936426600148,0.16318872550598357
2023-11-16,36201.51611146142,0.16329876543209876,-0.0459467425412754,0.06424257566440339,-0.027853093394156758,-0.01408762928444851,0.15115499999999998,0.21569583333333334,0.200875,0.1668703428912812,0.15216734885886032,0.1623152925408547
2023-11-17,36527.76022530742,0.14691971830985917,0.008971526144932795,-0.0459467425412754,0.06424257566440339,-0.027853093394156758,0.16329876543209876,0.15115499999999998,0.21569583333333334,0.1669427611215933,0.1568511493361426,0.16081193747217098
2023-11-18,36582.36844192274,0.06365762711864408,0.0014938621437625699,0.008971526144932795,-0.0459467425412754,0.06424257566440339,0.14691971830985917,0.16329876543209876,0.15115499999999998,0.14724335809913364,0.14930936391955865,0.1543359417094591
2023-11-19,37413.99460790531,0.20349509803921567,0.022478434031498296,0.0014938621437625699,0.008971526144932795,-0.0459467425412754,0.06365762711864408,0.14691971830985917,0.16329876543209876,0.163585291747593,0.1570571997205457,0.15507702831076628
2023-11-20,37489.298470802016,0.19958380952380952,0.002010696330481565,0.022478434031498296,0.0014938621437625699,0.008971526144932795,0.20349509803921567,0.06365762711864408,0.14691971830985917,0.16340083596528007,0.16196318611510355,0.15562653624727427
2023-11-21,35965.36036068078,0.25116046511627904,-0.04149925510801111,0.002010696330481565,0.022478434031498296,0.0014938621437625699,0.19958380952380952,0.20349509803921567,0.06365762711864408,0.1684672119342723,0.16864155267102823,0.15610254236147886
2023-11-22,37464.83293220907,0.119859793814433,0.04084644147375727,-0.04149925510801111,0.002010696330481565,0.022478434031498296,0.25116046511627904,0.19958380952380952,0.20349509803921567,0.16399646819347705,0.16264599372580063,0.15329983350187165
2023-11-23,37293.316127426726,0.256696875,-0.0045885862045018655,0.04084644147375727,-0.04149925510801111,0.002010696330481565,0.119859793814433,0.25116046511627904,0.19958380952380952,0.17733905527460578,0.1721046990829435,0.15702917731821983
2023-11-24,37738.93169747125,0.18264948453608246,0.011878114337781298,-0.0045885862045018655,0.04084644147375727,-0.04149925510801111,0.256696875,0.119859793814433,0.25116046511627904,0.1824433075926377,0.17469303435711553,0.1595543963565617
2023-11-25,37809.85286625321,0.20555254237288137,0.001877493861073276,0.011878114337781298,-0.0045885862045018655,0.04084644147375727,0.18264948453608246,0.256696875,0.119859793814433,0.20271400977181445,0.17497868393547403,0.163103073694917
2023-11-26,37491.838186008135,0.1656890625,-0.00844646558317308,0.001877493861073276,0.011878114337781298,-0.0045885862045018655,0.20555254237288137,0.18264948453608246,0.256696875,0.1973131475519265,0.18044921964975977,0.16108330740218196
2023-11-27,37250.16905148115,0.1621888888888889,-0.006466777804337909,-0.00844646558317308,0.001877493861073276,0.011878114337781298,0.1656890625,0.20555254237288137,0.18264948453608246,0.19197101603265213,0.1776859259989661,0.16264332918867433
2023-11-28,37802.23604377473,0.1003551724137931,0.014711772363126485,-0.006466777804337909,-0.00844646558317308,0.001877493861073276,0.1621888888888889,0.1656890625,0.20555254237288137,0.17042740278943985,0.16944730736185606,0.1647379168071458
2023-11-29,37810.34641654128,0.18670476190476193,0.0002145244226241516,0.014711772363126485,-0.006466777804337909,-0.00844646558317308,0.1003551724137931,0.1621888888888889,0.1656890625,0.1799766839452011,0.1719865760693391,0.16361731248509573
2023-11-30,37711.81837585267,0.19996624999999998,-0.002609249797307811,0.0002145244226241516,0.014711772363126485,-0.006466777804337909,0.18670476190476193,0.1003551724137931,0.1621888888888889,0.17187230894520109,0.1746056821099035,0.16282317466458288
2023-12-01,38688.25874179069,0.11529285714285716,0.02556263221966404,-0.002609249797307811,0.0002145244226241516,0.014711772363126485,0.19996624999999998,0.18670476190476193,0.1003551724137931,0.16224993360331177,0.17234662059797473,0.16178607572792084
